SNP,Case_Num_C_Allele,Case_Num_T_Allele,Control_Num_C_Allele,Control_Num_T_Allele,p-values,Significant,Bonferroni-corrected
snp0,13,37,55,45,0.000908755,FALSE,FALSE
snp1,1,49,94,6,1.37E-31,TRUE,TRUE
snp2,14,36,86,14,2.19E-12,TRUE,TRUE
snp3,36,14,41,59,0.000476175,FALSE,FALSE
snp4,32,18,76,24,0.128527627,FALSE,FALSE
snp5,24,26,92,8,4.29E-09,FALSE,TRUE
snp6,3,47,95,5,1.97E-29,TRUE,TRUE
snp7,3,47,71,29,3.14E-15,TRUE,TRUE
snp8,18,32,3,97,1.37E-07,FALSE,FALSE
snp9,22,28,84,16,9.35E-07,FALSE,FALSE
snp10,3,47,70,30,1.19E-14,TRUE,TRUE
snp11,29,21,44,56,0.120926342,FALSE,FALSE
snp12,43,7,38,62,1.33E-08,FALSE,TRUE
snp13,37,13,1,99,6.44E-23,TRUE,TRUE
snp14,31,19,39,61,0.009385451,FALSE,FALSE
snp15,14,36,36,64,0.362870006,FALSE,FALSE
snp16,49,1,8,92,7.65E-30,TRUE,TRUE
snp17,16,34,88,12,5.46E-12,TRUE,TRUE
snp18,31,19,19,81,3.19E-07,FALSE,FALSE
snp19,36,14,73,27,1,FALSE,FALSE
snp20,27,23,29,71,0.004037411,FALSE,FALSE
snp21,9,41,33,67,0.056983616,FALSE,FALSE
snp22,23,27,24,76,0.008736944,FALSE,FALSE
snp23,35,15,67,33,0.852902512,FALSE,FALSE
snp24,14,36,89,11,6.24E-14,TRUE,TRUE
snp25,49,1,86,14,0.02096169,FALSE,FALSE
snp26,12,38,85,15,2.34E-13,TRUE,TRUE
snp27,26,24,90,10,5.17E-07,FALSE,FALSE
snp28,1,49,70,30,2.01E-17,TRUE,TRUE
snp29,35,15,44,56,0.003174535,FALSE,FALSE
snp30,23,27,89,11,4.09E-08,FALSE,TRUE
snp31,5,45,97,3,7.18E-29,TRUE,TRUE
snp32,15,35,17,83,0.090133422,FALSE,FALSE
snp33,22,28,71,29,0.002232329,FALSE,FALSE
snp34,20,30,29,71,0.19862065,FALSE,FALSE
snp35,6,44,84,16,4.75E-18,TRUE,TRUE
snp36,25,25,8,92,1.54E-08,FALSE,TRUE
snp37,11,39,16,84,0.375605526,FALSE,FALSE
snp38,29,21,16,84,3.47E-07,FALSE,FALSE
snp39,11,39,99,1,8.50E-25,TRUE,TRUE
snp40,14,36,12,88,0.021365957,FALSE,FALSE
snp41,3,47,16,84,0.117473164,FALSE,FALSE
snp42,14,36,4,96,5.10E-05,FALSE,FALSE
snp43,27,23,67,33,0.152202475,FALSE,FALSE
snp44,36,14,52,48,0.022526615,FALSE,FALSE
snp45,16,34,92,8,3.11E-14,TRUE,TRUE
snp46,4,46,87,13,5.44E-22,TRUE,TRUE
snp47,38,12,35,65,2.26E-06,FALSE,FALSE
snp48,18,32,56,44,0.024793507,FALSE,FALSE
snp49,4,46,20,80,0.063277335,FALSE,FALSE
snp50,11,39,46,54,0.004484224,FALSE,FALSE
snp51,13,37,53,47,0.00177024,FALSE,FALSE
snp52,47,3,46,54,1.42E-09,FALSE,TRUE
snp53,36,14,83,17,0.136466466,FALSE,FALSE
snp54,13,37,86,14,4.20E-13,TRUE,TRUE
snp55,27,23,45,55,0.305387708,FALSE,FALSE
snp56,27,23,47,53,0.489295774,FALSE,FALSE
snp57,12,38,88,12,6.61E-15,TRUE,TRUE
snp58,38,12,67,33,0.344765964,FALSE,FALSE
snp59,41,9,35,65,4.27E-08,FALSE,TRUE
snp60,23,27,24,76,0.008736944,FALSE,FALSE
snp61,46,4,82,18,0.141910919,FALSE,FALSE
snp62,19,31,37,63,1,FALSE,FALSE
snp63,11,39,55,45,0.00012004,FALSE,FALSE
snp64,24,26,57,43,0.304128491,FALSE,FALSE
snp65,6,44,80,20,5.80E-16,TRUE,TRUE
snp66,34,16,4,96,3.56E-17,TRUE,TRUE
snp67,21,29,1,99,5.18E-11,FALSE,TRUE
snp68,20,30,71,29,0.00035985,FALSE,FALSE
snp69,49,1,67,33,3.10E-06,FALSE,FALSE
snp70,20,30,71,29,0.00035985,FALSE,FALSE
snp71,8,42,59,41,6.16E-07,FALSE,FALSE
snp72,28,22,71,29,0.099212091,FALSE,FALSE
snp73,44,6,9,91,2.20E-22,TRUE,TRUE
snp74,22,28,74,26,0.000531616,FALSE,FALSE
snp75,29,21,17,83,5.79E-07,FALSE,FALSE
snp76,13,37,62,38,5.42E-05,FALSE,FALSE
snp77,10,40,28,72,0.325078675,FALSE,FALSE
snp78,40,10,36,64,3.30E-07,FALSE,FALSE
snp79,47,3,29,71,3.14E-15,TRUE,TRUE
snp80,36,14,81,19,0.217166628,FALSE,FALSE
snp81,16,34,11,89,0.002876565,FALSE,FALSE
snp82,22,28,18,82,0.00147243,FALSE,FALSE
snp83,10,40,39,61,0.026149193,FALSE,FALSE
snp84,17,33,85,15,5.90E-10,FALSE,TRUE
snp85,49,1,89,11,0.062039936,FALSE,FALSE
snp86,47,3,75,25,0.003945018,FALSE,FALSE
snp87,7,43,11,89,0.602047043,FALSE,FALSE
snp88,1,49,96,4,1.41E-33,TRUE,TRUE
snp89,11,39,54,46,0.000217064,FALSE,FALSE
snp90,16,34,99,1,2.62E-20,TRUE,TRUE
snp91,3,47,91,9,5.08E-26,TRUE,TRUE
snp92,4,46,33,67,0.000585704,FALSE,FALSE
snp93,24,26,90,10,7.13E-08,FALSE,FALSE
snp94,20,30,40,60,1,FALSE,FALSE
snp95,11,39,59,41,2.38E-05,FALSE,FALSE
snp96,12,38,1,99,6.83E-06,FALSE,FALSE
snp97,19,31,55,45,0.057841688,FALSE,FALSE
snp98,2,48,46,54,2.53E-08,FALSE,TRUE
snp99,21,29,31,69,0.205244257,FALSE,FALSE
snp100,1,49,9,91,0.165706357,FALSE,FALSE
snp101,4,46,49,51,2.22E-07,FALSE,FALSE
snp102,41,9,27,73,1.17E-10,FALSE,TRUE
snp103,48,2,36,64,8.20E-14,TRUE,TRUE
snp104,1,49,40,60,1.20E-07,FALSE,FALSE
snp105,8,42,92,8,5.04E-21,TRUE,TRUE
snp106,8,42,77,23,7.48E-13,TRUE,TRUE
snp107,46,4,40,60,2.28E-10,FALSE,TRUE
snp108,46,4,4,96,4.50E-29,TRUE,TRUE
snp109,20,30,77,23,1.19E-05,FALSE,FALSE
snp110,1,49,27,73,8.89E-05,FALSE,FALSE
snp111,47,3,7,93,1.26E-27,TRUE,TRUE
snp112,27,23,55,45,1,FALSE,FALSE
snp113,14,36,34,66,0.577899704,FALSE,FALSE
snp114,36,14,48,52,0.005581844,FALSE,FALSE
snp115,48,2,65,35,1.32E-05,FALSE,FALSE
snp116,24,26,77,23,0.000761465,FALSE,FALSE
snp117,21,29,59,41,0.057330363,FALSE,FALSE
snp118,49,1,88,12,0.061046792,FALSE,FALSE
snp119,20,30,55,45,0.118604143,FALSE,FALSE
snp120,4,46,67,33,1.37E-12,TRUE,TRUE
snp121,34,16,15,85,1.46E-10,FALSE,TRUE
snp122,19,31,98,2,9.19E-17,TRUE,TRUE
snp123,28,22,8,92,2.92E-10,FALSE,TRUE
snp124,1,49,94,6,1.37E-31,TRUE,TRUE
snp125,49,1,44,56,3.06E-12,TRUE,TRUE
snp126,24,26,43,57,0.60369378,FALSE,FALSE
snp127,41,9,99,1,0.000223004,FALSE,FALSE
snp128,47,3,65,35,5.51E-05,FALSE,FALSE
snp129,10,40,33,67,0.125643585,FALSE,FALSE
snp130,7,43,72,28,8.02E-12,TRUE,TRUE
snp131,19,31,26,74,0.136278142,FALSE,FALSE
snp132,49,1,83,17,0.00675007,FALSE,FALSE
snp133,17,33,75,25,2.31E-06,FALSE,FALSE
snp134,41,9,60,40,0.0092718,FALSE,FALSE
snp135,4,46,26,74,0.009308375,FALSE,FALSE
snp136,4,46,59,41,5.97E-10,FALSE,TRUE
snp137,1,49,61,39,7.74E-14,TRUE,TRUE
snp138,32,18,25,75,5.82E-06,FALSE,FALSE
snp139,14,36,1,99,5.91E-07,FALSE,FALSE
snp140,2,48,22,78,0.004040394,FALSE,FALSE
snp141,39,11,59,41,0.02850116,FALSE,FALSE
snp142,7,43,41,59,0.00077748,FALSE,FALSE
snp143,41,9,31,69,3.67E-09,FALSE,TRUE
snp144,16,34,91,9,1.27E-13,TRUE,TRUE
snp145,46,4,94,6,0.73173696,FALSE,FALSE
snp146,10,40,57,43,2.19E-05,FALSE,FALSE
snp147,11,39,93,7,6.05E-19,TRUE,TRUE
snp148,25,25,22,78,0.000733578,FALSE,FALSE
snp149,9,41,9,91,0.118577832,FALSE,FALSE
snp150,19,31,34,66,0.717574795,FALSE,FALSE
snp151,41,9,55,45,0.00114848,FALSE,FALSE
snp152,21,29,48,52,0.602408332,FALSE,FALSE
snp153,47,3,97,3,0.400722096,FALSE,FALSE
snp154,36,14,7,93,2.00E-16,TRUE,TRUE
snp155,25,25,72,28,0.010983328,FALSE,FALSE
snp156,19,31,14,86,0.001465239,FALSE,FALSE
snp157,35,15,53,47,0.054025913,FALSE,FALSE
snp158,22,28,37,63,0.478951345,FALSE,FALSE
snp159,1,49,37,63,5.81E-07,FALSE,FALSE
snp160,41,9,87,13,0.465812326,FALSE,FALSE
snp161,47,3,16,84,1.95E-21,TRUE,TRUE
snp162,29,21,87,13,0.000136785,FALSE,FALSE
snp163,21,29,50,50,0.389204675,FALSE,FALSE
snp164,14,36,20,80,0.303816386,FALSE,FALSE
snp165,5,45,52,48,2.95E-07,FALSE,FALSE
snp166,16,34,95,5,2.39E-16,TRUE,TRUE
snp167,45,5,82,18,0.23680451,FALSE,FALSE
snp168,33,17,88,12,0.002022003,FALSE,FALSE
snp169,38,12,16,84,9.89E-13,TRUE,TRUE
snp170,19,31,3,97,3.91E-08,FALSE,TRUE
snp171,18,32,54,46,0.039842061,FALSE,FALSE
snp172,39,11,78,22,1,FALSE,FALSE
snp173,15,35,17,83,0.090133422,FALSE,FALSE
snp174,1,49,14,86,0.02096169,FALSE,FALSE
snp175,34,16,81,19,0.100909824,FALSE,FALSE
snp176,44,6,54,46,2.38E-05,FALSE,FALSE
snp177,8,42,49,51,7.51E-05,FALSE,FALSE
snp178,8,42,61,39,1.16E-07,FALSE,FALSE
snp179,10,40,89,11,3.80E-17,TRUE,TRUE
snp180,7,43,90,10,1.27E-20,TRUE,TRUE
snp181,35,15,24,76,1.24E-07,FALSE,FALSE
snp182,48,2,99,1,0.257754399,FALSE,FALSE
snp183,48,2,93,7,0.718323808,FALSE,FALSE
snp184,27,23,7,93,3.23E-10,FALSE,TRUE
snp185,11,39,71,29,1.28E-08,FALSE,TRUE
snp186,1,49,46,54,1.90E-09,FALSE,TRUE
snp187,14,36,19,81,0.217166628,FALSE,FALSE
snp188,18,32,7,93,2.92E-05,FALSE,FALSE
snp189,21,29,6,94,2.02E-07,FALSE,FALSE
snp190,4,46,63,37,2.43E-11,TRUE,TRUE
snp191,17,33,29,71,0.575433578,FALSE,FALSE
snp192,39,11,66,34,0.185391819,FALSE,FALSE
snp193,1,49,59,41,2.96E-13,TRUE,TRUE
snp194,2,48,58,42,8.98E-12,TRUE,TRUE
snp195,20,30,25,75,0.088117068,FALSE,FALSE
snp196,42,8,89,11,0.438084908,FALSE,FALSE
snp197,38,12,66,34,0.260963292,FALSE,FALSE
snp198,9,41,56,44,9.24E-06,FALSE,FALSE
snp199,1,49,63,37,9.78E-15,TRUE,TRUE
snp200,15,35,90,10,9.24E-14,TRUE,TRUE
snp201,33,17,34,66,0.000248961,FALSE,FALSE
snp202,37,13,78,22,0.682658597,FALSE,FALSE
snp203,11,39,22,78,1,FALSE,FALSE
snp204,43,7,60,40,0.001349063,FALSE,FALSE
snp205,29,21,19,81,2.48E-06,FALSE,FALSE
snp206,24,26,19,81,0.000458175,FALSE,FALSE
snp207,25,25,86,14,6.96E-06,FALSE,FALSE
snp208,6,44,43,57,9.54E-05,FALSE,FALSE
snp209,3,47,80,20,2.69E-19,TRUE,TRUE
snp210,21,29,39,61,0.727467474,FALSE,FALSE
snp211,1,49,20,80,0.002088468,FALSE,FALSE
snp212,19,31,77,23,4.59E-06,FALSE,FALSE
snp213,14,36,28,72,1,FALSE,FALSE
snp214,26,24,96,4,2.62E-10,FALSE,TRUE
snp215,9,41,73,27,1.17E-10,FALSE,TRUE
snp216,8,42,85,15,1.15E-16,TRUE,TRUE
snp217,9,41,53,47,4.19E-05,FALSE,FALSE
snp218,18,32,79,21,4.88E-07,FALSE,FALSE
snp219,49,1,43,57,1.16E-12,TRUE,TRUE
snp220,5,45,37,63,0.000440083,FALSE,FALSE
snp221,14,36,37,63,0.360764203,FALSE,FALSE
snp222,10,40,17,83,0.657673264,FALSE,FALSE
snp223,24,26,48,52,1,FALSE,FALSE
snp224,47,3,48,52,7.52E-09,FALSE,TRUE
snp225,6,44,7,93,0.359867659,FALSE,FALSE
snp226,17,33,67,33,0.000211673,FALSE,FALSE
snp227,8,42,49,51,7.51E-05,FALSE,FALSE
snp228,3,47,84,16,1.95E-21,TRUE,TRUE
snp229,31,19,71,29,0.272174344,FALSE,FALSE
snp230,7,43,9,91,0.403682809,FALSE,FALSE
snp231,7,43,28,72,0.066437863,FALSE,FALSE
snp232,37,13,1,99,6.44E-23,TRUE,TRUE
snp233,35,15,5,95,3.93E-17,TRUE,TRUE
snp234,26,24,27,73,0.003617213,FALSE,FALSE
snp235,45,5,12,88,1.85E-21,TRUE,TRUE
snp236,39,11,89,11,0.088335787,FALSE,FALSE
snp237,9,41,41,59,0.005672064,FALSE,FALSE
snp238,22,28,94,6,1.95E-11,TRUE,TRUE
snp239,18,32,51,49,0.117408138,FALSE,FALSE
snp240,19,31,59,41,0.023743348,FALSE,FALSE
snp241,19,31,15,85,0.003266501,FALSE,FALSE
snp242,30,20,89,11,7.68E-05,FALSE,FALSE
snp243,32,18,9,91,3.07E-12,TRUE,TRUE
snp244,6,44,56,44,1.66E-07,FALSE,FALSE
snp245,45,5,74,26,0.031204466,FALSE,FALSE
snp246,7,43,47,53,5.94E-05,FALSE,FALSE
snp247,44,6,93,7,0.359867659,FALSE,FALSE
snp248,32,18,63,37,1,FALSE,FALSE
snp249,23,27,11,89,5.78E-06,FALSE,FALSE
snp250,49,1,39,61,7.74E-14,TRUE,TRUE
snp251,47,3,99,1,0.108108108,FALSE,FALSE
snp252,7,43,86,14,3.72E-18,TRUE,TRUE
snp253,26,24,31,69,0.019824144,FALSE,FALSE
snp254,5,45,80,20,9.20E-17,TRUE,TRUE
snp255,24,26,97,3,2.53E-12,TRUE,TRUE
snp256,11,39,39,61,0.043930862,FALSE,FALSE
snp257,13,37,47,53,0.014138636,FALSE,FALSE
snp258,15,35,30,70,1,FALSE,FALSE
snp259,49,1,44,56,3.06E-12,TRUE,TRUE
snp260,15,35,84,16,8.57E-11,FALSE,TRUE
snp261,7,43,57,43,2.73E-07,FALSE,FALSE
snp262,45,5,19,81,1.55E-17,TRUE,TRUE
snp263,10,40,33,67,0.125643585,FALSE,FALSE
snp264,34,16,6,94,1.37E-15,TRUE,TRUE
snp265,3,47,45,55,3.19E-07,FALSE,FALSE
snp266,4,46,66,34,2.27E-12,TRUE,TRUE
snp267,32,18,43,57,0.023858995,FALSE,FALSE
snp268,23,27,28,72,0.043578419,FALSE,FALSE
snp269,35,15,52,48,0.037376967,FALSE,FALSE
snp270,7,43,79,21,2.08E-14,TRUE,TRUE
snp271,14,36,61,39,0.000236306,FALSE,FALSE
snp272,12,38,39,61,0.071304381,FALSE,FALSE
snp273,8,42,51,49,3.51E-05,FALSE,FALSE
snp274,49,1,50,50,2.14E-10,FALSE,TRUE
snp275,31,19,67,33,0.587406185,FALSE,FALSE
snp276,39,11,16,84,1.22E-13,TRUE,TRUE
snp277,23,27,54,46,0.389513942,FALSE,FALSE
snp278,29,21,83,17,0.001371498,FALSE,FALSE
snp279,40,10,51,49,0.000693298,FALSE,FALSE
snp280,16,34,35,65,0.855109195,FALSE,FALSE
snp281,41,9,52,48,0.000340879,FALSE,FALSE
snp282,2,48,51,49,1.45E-09,FALSE,TRUE
snp283,8,42,23,77,0.394806675,FALSE,FALSE
snp284,3,47,32,68,0.00020941,FALSE,FALSE
snp285,10,40,36,64,0.059929932,FALSE,FALSE
snp286,33,17,2,98,2.60E-18,TRUE,TRUE
snp287,42,8,41,59,6.16E-07,FALSE,FALSE
snp288,2,48,29,71,0.000198729,FALSE,FALSE
snp289,46,4,99,1,0.042509734,FALSE,FALSE
snp290,5,45,6,94,0.507306184,FALSE,FALSE
snp291,8,42,9,91,0.273835749,FALSE,FALSE
snp292,15,35,99,1,3.74E-21,TRUE,TRUE
snp293,15,35,15,85,0.049733025,FALSE,FALSE
snp294,17,33,2,98,9.12E-08,FALSE,FALSE
snp295,38,12,48,52,0.001494781,FALSE,FALSE
snp296,22,28,75,25,0.000267992,FALSE,FALSE
snp297,5,45,49,51,1.56E-06,FALSE,FALSE
snp298,49,1,67,33,3.10E-06,FALSE,FALSE
snp299,3,47,47,53,1.19E-07,FALSE,FALSE
snp300,9,41,85,15,8.92E-16,TRUE,TRUE
snp301,25,25,66,34,0.076165417,FALSE,FALSE
snp302,15,35,99,1,3.74E-21,TRUE,TRUE
snp303,48,2,86,14,0.090384426,FALSE,FALSE
snp304,1,49,3,97,1,FALSE,FALSE
snp305,42,8,62,38,0.008065595,FALSE,FALSE
snp306,49,1,38,62,2.51E-14,TRUE,TRUE
snp307,36,14,60,40,0.206311765,FALSE,FALSE
snp308,49,1,36,64,5.43E-15,TRUE,TRUE
snp309,27,23,35,65,0.034614342,FALSE,FALSE
snp310,16,34,59,41,0.003036975,FALSE,FALSE
snp311,14,36,7,93,0.000896343,FALSE,FALSE
snp312,8,42,63,37,3.75E-08,FALSE,TRUE
snp313,43,7,91,9,0.403682809,FALSE,FALSE
snp314,18,32,52,48,0.082579581,FALSE,FALSE
snp315,9,41,68,32,5.23E-09,FALSE,TRUE
snp316,8,42,34,66,0.021676095,FALSE,FALSE
snp317,18,32,72,28,3.74E-05,FALSE,FALSE
snp318,40,10,54,46,0.002222939,FALSE,FALSE
snp319,26,24,95,5,1.21E-09,FALSE,TRUE
snp320,47,3,55,45,3.19E-07,FALSE,FALSE
snp321,33,17,88,12,0.002022003,FALSE,FALSE
snp322,38,12,46,54,0.000493316,FALSE,FALSE
snp323,12,38,37,63,0.139921999,FALSE,FALSE
snp324,28,22,12,88,2.66E-08,FALSE,TRUE
snp325,27,23,69,31,0.103801643,FALSE,FALSE
snp326,30,20,98,2,1.82E-09,FALSE,TRUE
snp327,10,40,31,69,0.177412168,FALSE,FALSE
snp328,39,11,26,74,1.26E-09,FALSE,TRUE
snp329,14,36,94,6,3.73E-17,TRUE,TRUE
snp330,45,5,29,71,3.77E-13,TRUE,TRUE
snp331,22,28,72,28,0.001201685,FALSE,FALSE
snp332,27,23,85,15,0.000104562,FALSE,FALSE
snp333,43,7,23,77,1.60E-13,TRUE,TRUE
snp334,38,12,5,95,1.20E-19,TRUE,TRUE
snp335,19,31,39,61,1,FALSE,FALSE
snp336,49,1,7,93,1.08E-30,TRUE,TRUE
snp337,48,2,58,42,2.98E-07,FALSE,FALSE
snp338,46,4,60,40,2.38E-05,FALSE,FALSE
snp339,38,12,69,31,0.445489815,FALSE,FALSE
snp340,13,37,2,98,1.14E-05,FALSE,FALSE
snp341,29,21,73,27,0.093984768,FALSE,FALSE
snp342,11,39,68,32,1.09E-07,FALSE,FALSE
snp343,45,5,73,27,0.019559138,FALSE,FALSE
snp344,14,36,58,42,0.000555129,FALSE,FALSE
snp345,38,12,47,53,0.000850165,FALSE,FALSE
snp346,11,39,45,55,0.007143374,FALSE,FALSE
snp347,15,35,78,22,1.65E-08,FALSE,TRUE
snp348,26,24,6,94,3.31E-10,FALSE,TRUE
snp349,31,19,41,59,0.023743348,FALSE,FALSE
snp350,34,16,59,41,0.372449944,FALSE,FALSE
snp351,21,29,56,44,0.120926342,FALSE,FALSE
snp352,32,18,6,94,4.03E-14,TRUE,TRUE
snp353,39,11,65,35,0.133207506,FALSE,FALSE
snp354,40,10,77,23,0.834751927,FALSE,FALSE
snp355,12,38,85,15,2.34E-13,TRUE,TRUE
snp356,9,41,76,24,1.34E-11,TRUE,TRUE
snp357,41,9,5,95,1.89E-22,TRUE,TRUE
snp358,23,27,87,13,3.03E-07,FALSE,FALSE
snp359,12,38,67,33,7.74E-07,FALSE,FALSE
snp360,32,18,41,59,0.009497504,FALSE,FALSE
snp361,26,24,64,36,0.163093394,FALSE,FALSE
snp362,46,4,14,86,2.23E-21,TRUE,TRUE
snp363,29,21,53,47,0.604614868,FALSE,FALSE
snp364,49,1,33,67,3.43E-16,TRUE,TRUE
snp365,12,38,10,90,0.028522691,FALSE,FALSE
snp366,19,31,31,69,0.463058647,FALSE,FALSE
snp367,34,16,99,1,4.65E-08,FALSE,TRUE
snp368,10,40,39,61,0.026149193,FALSE,FALSE
snp369,9,41,21,79,0.829006895,FALSE,FALSE
snp370,10,40,85,15,6.24E-15,TRUE,TRUE
snp371,37,13,91,9,0.012580223,FALSE,FALSE
snp372,8,42,23,77,0.394806675,FALSE,FALSE
snp373,27,23,4,96,3.52E-12,TRUE,TRUE
snp374,40,10,4,96,2.17E-22,TRUE,TRUE
snp375,34,16,35,65,0.000225108,FALSE,FALSE
snp376,49,1,18,82,3.88E-23,TRUE,TRUE
snp377,45,5,66,34,0.001446889,FALSE,FALSE
snp378,39,11,71,29,0.435413059,FALSE,FALSE
snp379,9,41,29,71,0.167010058,FALSE,FALSE
snp380,39,11,7,93,6.05E-19,TRUE,TRUE
snp381,39,11,88,12,0.148238119,FALSE,FALSE
snp382,33,17,93,7,6.73E-05,FALSE,FALSE
snp383,16,34,67,33,5.85E-05,FALSE,FALSE
snp384,1,49,98,2,6.27E-36,TRUE,TRUE
snp385,47,3,40,60,4.06E-11,TRUE,TRUE
snp386,25,25,10,90,1.87E-07,FALSE,FALSE
snp387,1,49,12,88,0.061046792,FALSE,FALSE
snp388,46,4,77,23,0.025225606,FALSE,FALSE
snp389,28,22,8,92,2.92E-10,FALSE,TRUE
snp390,37,13,37,63,2.56E-05,FALSE,FALSE
snp391,20,30,91,9,6.02E-11,FALSE,TRUE
snp392,1,49,97,3,1.08E-34,TRUE,TRUE
snp393,38,12,56,44,0.020085961,FALSE,FALSE
snp394,2,48,17,83,0.034648584,FALSE,FALSE
snp395,12,38,70,30,1.05E-07,FALSE,FALSE
snp396,28,22,38,62,0.054400964,FALSE,FALSE
snp397,30,20,16,84,1.35E-07,FALSE,FALSE
snp398,47,3,16,84,1.95E-21,TRUE,TRUE
snp399,48,2,24,76,1.26E-18,TRUE,TRUE
snp400,33,17,82,18,0.040023288,FALSE,FALSE
snp401,28,22,39,61,0.056472158,FALSE,FALSE
snp402,5,45,29,71,0.012137256,FALSE,FALSE
snp403,4,46,76,24,3.33E-16,TRUE,TRUE
snp404,25,25,49,51,1,FALSE,FALSE
snp405,10,40,19,81,1,FALSE,FALSE
snp406,45,5,24,76,3.16E-15,TRUE,TRUE
snp407,47,3,13,87,3.04E-23,TRUE,TRUE
snp408,26,24,22,78,0.000357732,FALSE,FALSE
snp409,8,42,49,51,7.51E-05,FALSE,FALSE
snp410,21,29,72,28,0.000617037,FALSE,FALSE
snp411,5,45,34,66,0.001446889,FALSE,FALSE
snp412,45,5,60,40,0.000123292,FALSE,FALSE
snp413,2,48,93,7,4.52E-29,TRUE,TRUE
snp414,26,24,89,11,1.10E-06,FALSE,FALSE
snp415,17,33,41,59,0.478169926,FALSE,FALSE
snp416,15,35,92,8,5.63E-15,TRUE,TRUE
snp417,45,5,99,1,0.015931083,FALSE,FALSE
snp418,31,19,49,51,0.165340441,FALSE,FALSE
snp419,17,33,85,15,5.90E-10,FALSE,TRUE
snp420,49,1,46,54,1.05E-11,TRUE,TRUE
snp421,19,31,11,89,0.000183814,FALSE,FALSE
snp422,22,28,28,72,0.065971265,FALSE,FALSE
snp423,45,5,54,46,7.41E-06,FALSE,FALSE
snp424,18,32,39,61,0.858536814,FALSE,FALSE
snp425,31,19,32,68,0.000766589,FALSE,FALSE
snp426,43,7,48,52,6.27E-06,FALSE,FALSE
snp427,30,20,79,21,0.019350756,FALSE,FALSE
snp428,47,3,46,54,1.42E-09,FALSE,TRUE
snp429,46,4,7,93,2.67E-26,TRUE,TRUE
snp430,22,28,62,38,0.054400964,FALSE,FALSE
snp431,17,33,6,94,1.80E-05,FALSE,FALSE
snp432,19,31,6,94,2.05E-06,FALSE,FALSE
snp433,41,9,35,65,4.27E-08,FALSE,TRUE
snp434,29,21,85,15,0.000470966,FALSE,FALSE
snp435,25,25,73,27,0.006551662,FALSE,FALSE
snp436,49,1,83,17,0.00675007,FALSE,FALSE
snp437,5,45,93,7,4.55E-25,TRUE,TRUE
snp438,14,36,8,92,0.00247818,FALSE,FALSE
snp439,41,9,74,26,0.311914485,FALSE,FALSE
snp440,34,16,42,58,0.003232764,FALSE,FALSE
snp441,26,24,83,17,0.000162759,FALSE,FALSE
snp442,14,36,85,15,8.95E-12,TRUE,TRUE
snp443,15,35,82,18,5.79E-10,FALSE,TRUE
snp444,34,16,45,55,0.009370772,FALSE,FALSE
snp445,36,14,4,96,8.47E-19,TRUE,TRUE
snp446,49,1,63,37,5.81E-07,FALSE,FALSE
snp447,2,48,99,1,1.23E-35,TRUE,TRUE
snp448,2,48,4,96,1,FALSE,FALSE
snp449,43,7,83,17,0.813862068,FALSE,FALSE
snp450,35,15,99,1,1.68E-07,FALSE,FALSE
snp451,36,14,65,35,0.461722783,FALSE,FALSE
snp452,44,6,27,73,4.65E-13,TRUE,TRUE
snp453,26,24,87,13,6.01E-06,FALSE,FALSE
snp454,49,1,82,18,0.003911985,FALSE,FALSE
snp455,20,30,2,98,1.82E-09,FALSE,TRUE
snp456,42,8,27,73,2.37E-11,TRUE,TRUE
snp457,4,46,82,18,3.87E-19,TRUE,TRUE
snp458,1,49,68,32,2.27E-16,TRUE,TRUE
snp459,32,18,43,57,0.023858995,FALSE,FALSE
snp460,49,1,99,1,1,FALSE,FALSE
snp461,24,26,70,30,0.011974405,FALSE,FALSE
snp462,46,4,43,57,1.86E-09,FALSE,TRUE
snp463,49,1,27,73,1.19E-18,TRUE,TRUE
snp464,32,18,45,55,0.037382155,FALSE,FALSE
snp465,43,7,97,3,0.016305077,FALSE,FALSE
snp466,39,11,59,41,0.02850116,FALSE,FALSE
snp467,36,14,1,99,5.06E-22,TRUE,TRUE
snp468,8,42,75,25,4.50E-12,TRUE,TRUE
snp469,5,45,24,76,0.048752512,FALSE,FALSE
snp470,12,38,31,69,0.445489815,FALSE,FALSE
snp471,38,12,82,18,0.394345126,FALSE,FALSE
snp472,49,1,15,85,6.84E-25,TRUE,TRUE
snp473,47,3,39,61,1.35E-11,TRUE,TRUE
snp474,35,15,19,81,1.79E-09,FALSE,TRUE
snp475,30,20,92,8,7.88E-06,FALSE,FALSE
snp476,29,21,46,54,0.225182278,FALSE,FALSE
snp477,18,32,82,18,3.70E-08,FALSE,TRUE
snp478,43,7,8,92,4.77E-22,TRUE,TRUE
snp479,48,2,47,53,2.73E-10,FALSE,TRUE
snp480,13,37,33,67,0.454208027,FALSE,FALSE
snp481,43,7,9,91,2.57E-21,TRUE,TRUE
snp482,21,29,90,10,7.94E-10,FALSE,TRUE
snp483,43,7,61,39,0.002381306,FALSE,FALSE
snp484,31,19,48,52,0.12056971,FALSE,FALSE
snp485,29,21,69,31,0.205244257,FALSE,FALSE
snp486,27,23,14,86,5.23E-07,FALSE,FALSE
snp487,17,33,54,46,0.024571694,FALSE,FALSE
snp488,48,2,60,40,7.27E-07,FALSE,FALSE
snp489,24,26,48,52,1,FALSE,FALSE
snp490,42,8,83,17,1,FALSE,FALSE
snp491,49,1,86,14,0.02096169,FALSE,FALSE
snp492,47,3,23,77,7.89E-18,TRUE,TRUE
snp493,35,15,19,81,1.79E-09,FALSE,TRUE
snp494,26,24,16,84,6.95E-06,FALSE,FALSE
snp495,42,8,49,51,3.51E-05,FALSE,FALSE
snp496,29,21,59,41,1,FALSE,FALSE
snp497,49,1,12,88,7.72E-27,TRUE,TRUE
snp498,48,2,34,66,1.61E-14,TRUE,TRUE
snp499,48,2,20,80,1.37E-20,TRUE,TRUE
snp500,1,49,45,55,3.99E-09,FALSE,TRUE
snp501,36,14,90,10,0.008222499,FALSE,FALSE
snp502,46,4,3,97,3.75E-30,TRUE,TRUE
snp503,43,7,24,76,2.46E-13,TRUE,TRUE
snp504,1,49,68,32,2.27E-16,TRUE,TRUE
snp505,35,15,65,35,0.58551138,FALSE,FALSE
snp506,28,22,99,1,1.22E-11,TRUE,TRUE
snp507,25,25,32,68,0.04903582,FALSE,FALSE
snp508,25,25,61,39,0.223024868,FALSE,FALSE
snp509,37,13,75,25,1,FALSE,FALSE
snp510,46,4,46,54,1.32E-08,FALSE,TRUE
snp511,13,37,41,59,0.075089355,FALSE,FALSE
snp512,36,14,90,10,0.008222499,FALSE,FALSE
snp513,20,30,81,19,8.88E-07,FALSE,FALSE
snp514,23,27,1,99,2.81E-12,TRUE,TRUE
snp515,39,11,44,56,0.000104934,FALSE,FALSE
snp516,29,21,24,76,6.03E-05,FALSE,FALSE
snp517,45,5,48,52,2.95E-07,FALSE,FALSE
snp518,24,26,45,55,0.732092686,FALSE,FALSE
snp519,37,13,21,79,4.39E-10,FALSE,TRUE
snp520,39,11,87,13,0.164549603,FALSE,FALSE
snp521,35,15,51,49,0.03533457,FALSE,FALSE
snp522,21,29,98,2,2.71E-15,TRUE,TRUE
snp523,5,45,58,42,7.13E-09,FALSE,TRUE
snp524,24,26,50,50,0.863504096,FALSE,FALSE
snp525,22,28,90,10,3.03E-09,FALSE,TRUE
snp526,38,12,79,21,0.680640137,FALSE,FALSE
snp527,1,49,8,92,0.272883619,FALSE,FALSE
snp528,10,40,45,55,0.003772676,FALSE,FALSE
snp529,28,22,10,90,3.03E-09,FALSE,TRUE
snp530,49,1,38,62,2.51E-14,TRUE,TRUE
snp531,45,5,35,65,4.00E-11,TRUE,TRUE
snp532,41,9,72,28,0.229213383,FALSE,FALSE
snp533,45,5,10,90,8.52E-23,TRUE,TRUE
snp534,19,31,36,64,0.858264487,FALSE,FALSE
snp535,49,1,87,13,0.035469971,FALSE,FALSE
snp536,2,48,65,35,4.49E-14,TRUE,TRUE
snp537,17,33,9,91,0.000377048,FALSE,FALSE
snp538,11,39,28,72,0.554087603,FALSE,FALSE
snp539,40,10,42,58,1.05E-05,FALSE,FALSE
snp540,30,20,26,74,7.28E-05,FALSE,FALSE
snp541,10,40,63,37,7.48E-07,FALSE,FALSE
snp542,45,5,8,92,2.86E-24,TRUE,TRUE
snp543,28,22,6,94,1.95E-11,TRUE,TRUE
snp544,9,41,25,75,0.410352814,FALSE,FALSE
snp545,12,38,78,22,3.80E-10,FALSE,TRUE
snp546,21,29,71,29,0.000746362,FALSE,FALSE
snp547,22,28,14,86,9.28E-05,FALSE,FALSE
snp548,46,4,68,32,0.001016412,FALSE,FALSE
snp549,32,18,82,18,0.024640665,FALSE,FALSE
snp550,35,15,78,22,0.317918686,FALSE,FALSE
snp551,20,30,60,40,0.024534579,FALSE,FALSE
snp552,42,8,45,55,3.80E-06,FALSE,FALSE
snp553,13,37,69,31,7.43E-07,FALSE,FALSE
snp554,23,27,37,63,0.295655223,FALSE,FALSE
snp555,5,45,68,32,5.99E-12,TRUE,TRUE
snp556,10,40,24,76,0.681079202,FALSE,FALSE
snp557,39,11,17,83,4.23E-13,TRUE,TRUE
snp558,4,46,63,37,2.43E-11,TRUE,TRUE
snp559,19,31,94,6,2.02E-13,TRUE,TRUE
snp560,47,3,51,49,4.71E-08,FALSE,TRUE
snp561,34,16,85,15,0.019312412,FALSE,FALSE
snp562,38,12,33,67,7.74E-07,FALSE,FALSE
snp563,15,35,13,87,0.015104448,FALSE,FALSE
snp564,26,24,35,65,0.053567384,FALSE,FALSE
snp565,24,26,84,16,6.95E-06,FALSE,FALSE
snp566,43,7,14,86,3.72E-18,TRUE,TRUE
snp567,19,31,20,80,0.028867922,FALSE,FALSE
snp568,44,6,87,13,1,FALSE,FALSE
snp569,29,21,93,7,6.28E-07,FALSE,FALSE
snp570,8,42,4,96,0.020968927,FALSE,FALSE
snp571,23,27,30,70,0.069855618,FALSE,FALSE
snp572,7,43,69,31,1.04E-10,FALSE,TRUE
snp573,1,49,16,84,0.011959457,FALSE,FALSE
snp574,47,3,48,52,7.52E-09,FALSE,TRUE
snp575,43,7,24,76,2.46E-13,TRUE,TRUE
snp576,32,18,69,31,0.581886536,FALSE,FALSE
snp577,4,46,18,82,0.141910919,FALSE,FALSE
snp578,36,14,24,76,2.09E-08,FALSE,TRUE
snp579,13,37,33,67,0.454208027,FALSE,FALSE
snp580,18,32,57,43,0.023858995,FALSE,FALSE
snp581,4,46,24,76,0.02478618,FALSE,FALSE
snp582,18,32,80,20,1.76E-07,FALSE,FALSE
snp583,4,46,31,69,0.001806504,FALSE,FALSE
snp584,44,6,83,17,0.480426476,FALSE,FALSE
snp585,21,29,44,56,0.862430997,FALSE,FALSE
snp586,44,6,94,6,0.215516882,FALSE,FALSE
snp587,6,44,35,65,0.003261052,FALSE,FALSE
snp588,2,48,33,67,2.77E-05,FALSE,FALSE
snp589,35,15,1,99,3.74E-21,TRUE,TRUE
snp590,23,27,92,8,1.14E-09,FALSE,TRUE
snp591,16,34,6,94,5.07E-05,FALSE,FALSE
snp592,48,2,62,38,3.10E-06,FALSE,FALSE
snp593,27,23,16,84,2.56E-06,FALSE,FALSE
snp594,20,30,58,42,0.05600637,FALSE,FALSE
snp595,25,25,12,88,1.37E-06,FALSE,FALSE
snp596,33,17,95,5,6.20E-06,FALSE,FALSE
snp597,19,31,18,82,0.009397637,FALSE,FALSE
snp598,13,37,47,53,0.014138636,FALSE,FALSE
snp599,43,7,28,72,8.02E-12,TRUE,TRUE
snp600,24,26,23,77,0.002703878,FALSE,FALSE
snp601,7,43,98,2,1.12E-27,TRUE,TRUE
snp602,29,21,19,81,2.48E-06,FALSE,FALSE
snp603,41,9,88,12,0.327924905,FALSE,FALSE
snp604,17,33,65,35,0.00045881,FALSE,FALSE
snp605,21,29,5,95,5.78E-08,FALSE,FALSE
snp606,46,4,88,12,0.580237134,FALSE,FALSE
snp607,24,26,34,66,0.111351314,FALSE,FALSE
snp608,35,15,20,80,3.33E-09,FALSE,TRUE
snp609,13,37,36,64,0.269032503,FALSE,FALSE
snp610,49,1,46,54,1.05E-11,TRUE,TRUE
snp611,23,27,21,79,0.002239271,FALSE,FALSE
snp612,34,16,69,31,1,FALSE,FALSE
snp613,21,29,52,48,0.299345417,FALSE,FALSE
snp614,46,4,17,83,1.14E-19,TRUE,TRUE
snp615,6,44,6,94,0.215516882,FALSE,FALSE
snp616,20,30,58,42,0.05600637,FALSE,FALSE
snp617,5,45,92,8,2.86E-24,TRUE,TRUE
snp618,24,26,12,88,3.39E-06,FALSE,FALSE
snp619,5,45,36,64,0.000797002,FALSE,FALSE
snp620,15,35,46,54,0.077820252,FALSE,FALSE
snp621,28,22,6,94,1.95E-11,TRUE,TRUE
snp622,23,27,10,90,1.46E-06,FALSE,FALSE
snp623,35,15,90,10,0.004353843,FALSE,FALSE
snp624,6,44,47,53,2.16E-05,FALSE,FALSE
snp625,11,39,41,59,0.02850116,FALSE,FALSE
snp626,24,26,70,30,0.011974405,FALSE,FALSE
snp627,6,44,99,1,3.60E-30,TRUE,TRUE
snp628,49,1,14,86,1.62E-25,TRUE,TRUE
snp629,47,3,98,2,0.333766515,FALSE,FALSE
snp630,12,38,57,43,0.00013149,FALSE,FALSE
snp631,26,24,70,30,0.04648685,FALSE,FALSE
snp632,2,48,87,13,1.29E-24,TRUE,TRUE
snp633,49,1,44,56,3.06E-12,TRUE,TRUE
snp634,38,12,99,1,6.83E-06,FALSE,FALSE
snp635,47,3,98,2,0.333766515,FALSE,FALSE
snp636,47,3,82,18,0.049245945,FALSE,FALSE
snp637,13,37,81,19,7.32E-11,FALSE,TRUE
snp638,7,43,62,38,1.33E-08,FALSE,TRUE
snp639,22,28,58,42,0.120211872,FALSE,FALSE
snp640,20,30,49,51,0.385069804,FALSE,FALSE
snp641,43,7,26,74,1.49E-12,TRUE,TRUE
snp642,6,44,84,16,4.75E-18,TRUE,TRUE
snp643,33,17,79,21,0.11080569,FALSE,FALSE
snp644,4,46,32,68,0.001016412,FALSE,FALSE
snp645,18,32,68,32,0.000234188,FALSE,FALSE
snp646,22,28,18,82,0.00147243,FALSE,FALSE
snp647,12,38,67,33,7.74E-07,FALSE,FALSE
snp648,28,22,17,83,2.94E-06,FALSE,FALSE
snp649,30,20,67,33,0.469291596,FALSE,FALSE
snp650,17,33,5,95,6.20E-06,FALSE,FALSE
snp651,25,25,85,15,1.04E-05,FALSE,FALSE
snp652,37,13,97,3,4.54E-05,FALSE,FALSE
snp653,40,10,52,48,0.001236317,FALSE,FALSE
snp654,6,44,52,48,1.09E-06,FALSE,FALSE
snp655,21,29,90,10,7.94E-10,FALSE,TRUE
snp656,38,12,55,45,0.013209245,FALSE,FALSE
snp657,5,45,52,48,2.95E-07,FALSE,FALSE
snp658,11,39,85,15,3.98E-14,TRUE,TRUE
snp659,31,19,11,89,1.51E-10,FALSE,TRUE
snp660,26,24,79,21,0.001162928,FALSE,FALSE
snp661,18,32,33,67,0.718497865,FALSE,FALSE
snp662,30,20,18,82,6.21E-07,FALSE,FALSE
snp663,43,7,59,41,0.00077748,FALSE,FALSE
snp664,49,1,32,68,2.27E-16,TRUE,TRUE
snp665,13,37,90,10,2.86E-15,TRUE,TRUE
snp666,11,39,50,50,0.001374986,FALSE,FALSE
snp667,3,47,11,89,0.387300469,FALSE,FALSE
snp668,23,27,99,1,5.74E-15,TRUE,TRUE
snp669,33,17,76,24,0.243825278,FALSE,FALSE
snp670,46,4,55,45,2.31E-06,FALSE,FALSE
snp671,34,16,91,9,0.000805477,FALSE,FALSE
snp672,2,48,52,48,6.00E-10,FALSE,TRUE
snp673,48,2,36,64,8.20E-14,TRUE,TRUE
snp674,14,36,87,13,7.08E-13,TRUE,TRUE
snp675,46,4,22,78,3.86E-17,TRUE,TRUE
snp676,2,48,92,8,3.10E-28,TRUE,TRUE
snp677,30,20,11,89,6.12E-10,FALSE,TRUE
snp678,31,19,45,55,0.057841688,FALSE,FALSE
snp679,46,4,93,7,1,FALSE,FALSE
snp680,41,9,82,18,1,FALSE,FALSE
snp681,1,49,46,54,1.90E-09,FALSE,TRUE
snp682,31,19,81,19,0.01649351,FALSE,FALSE
snp683,20,30,74,26,7.28E-05,FALSE,FALSE
snp684,27,23,63,37,0.295655223,FALSE,FALSE
snp685,5,45,9,91,1,FALSE,FALSE
snp686,8,42,68,32,1.26E-09,FALSE,TRUE
snp687,25,25,92,8,1.54E-08,FALSE,TRUE
snp688,5,45,6,94,0.507306184,FALSE,FALSE
snp689,7,43,46,54,0.000113079,FALSE,FALSE
snp690,45,5,19,81,1.55E-17,TRUE,TRUE
snp691,5,45,5,95,0.302096935,FALSE,FALSE
snp692,18,32,70,30,9.60E-05,FALSE,FALSE
snp693,42,8,44,56,1.95E-06,FALSE,FALSE
snp694,40,10,92,8,0.058856107,FALSE,FALSE
snp695,43,7,34,66,1.16E-09,FALSE,TRUE
snp696,11,39,59,41,2.38E-05,FALSE,FALSE
snp697,40,10,35,65,2.77E-07,FALSE,FALSE
snp698,1,49,95,5,1.51E-32,TRUE,TRUE
snp699,16,34,43,57,0.217911349,FALSE,FALSE
snp700,39,11,91,9,0.040026411,FALSE,FALSE
snp701,39,11,50,50,0.001374986,FALSE,FALSE
snp702,38,12,1,99,7.66E-24,TRUE,TRUE
snp703,4,46,14,86,0.42477579,FALSE,FALSE
snp704,9,41,32,68,0.081864519,FALSE,FALSE
snp705,28,22,13,87,6.16E-08,FALSE,FALSE
snp706,37,13,90,10,0.015445251,FALSE,FALSE
snp707,21,29,21,79,0.011520058,FALSE,FALSE
snp708,11,39,93,7,6.05E-19,TRUE,TRUE
snp709,36,14,49,51,0.008784556,FALSE,FALSE
snp710,34,16,69,31,1,FALSE,FALSE
snp711,7,43,98,2,1.12E-27,TRUE,TRUE
snp712,24,26,3,97,4.70E-11,TRUE,TRUE
snp713,29,21,33,67,0.004744396,FALSE,FALSE
snp714,26,24,90,10,5.17E-07,FALSE,FALSE
snp715,2,48,57,43,2.28E-11,TRUE,TRUE
snp716,38,12,89,11,0.053203907,FALSE,FALSE
snp717,15,35,44,56,0.112639599,FALSE,FALSE
snp718,2,48,66,34,1.61E-14,TRUE,TRUE
snp719,15,35,55,45,0.005272896,FALSE,FALSE
snp720,19,31,85,15,1.16E-08,FALSE,TRUE
snp721,9,41,21,79,0.829006895,FALSE,FALSE
snp722,1,49,13,87,0.035469971,FALSE,FALSE
snp723,40,10,80,20,1,FALSE,FALSE
snp724,23,27,71,29,0.004037411,FALSE,FALSE
snp725,16,34,44,56,0.215700386,FALSE,FALSE
snp726,36,14,80,20,0.303816386,FALSE,FALSE
snp727,48,2,22,78,1.36E-19,TRUE,TRUE
snp728,22,28,85,15,3.54E-07,FALSE,FALSE
snp729,12,38,64,36,4.79E-06,FALSE,FALSE
snp730,26,24,60,40,0.384292567,FALSE,FALSE
snp731,49,1,7,93,1.08E-30,TRUE,TRUE
snp732,48,2,20,80,1.37E-20,TRUE,TRUE
snp733,12,38,13,87,0.105696969,FALSE,FALSE
snp734,43,7,27,73,5.14E-12,TRUE,TRUE
snp735,40,10,39,61,2.01E-06,FALSE,FALSE
snp736,6,44,68,32,3.18E-11,TRUE,TRUE
snp737,33,17,43,57,0.00949273,FALSE,FALSE
snp738,28,22,56,44,1,FALSE,FALSE
snp739,42,8,30,70,3.27E-10,FALSE,TRUE
snp740,39,11,40,60,1.16E-05,FALSE,FALSE
snp741,18,32,17,83,0.013615133,FALSE,FALSE
snp742,25,25,49,51,1,FALSE,FALSE
snp743,43,7,14,86,3.72E-18,TRUE,TRUE
snp744,5,45,7,93,0.535207746,FALSE,FALSE
snp745,26,24,49,51,0.862606097,FALSE,FALSE
snp746,39,11,93,7,0.014242889,FALSE,FALSE
snp747,30,20,86,14,0.000729849,FALSE,FALSE
snp748,49,1,76,24,0.000326756,FALSE,FALSE
snp749,44,6,92,8,0.552399145,FALSE,FALSE
snp750,1,49,14,86,0.02096169,FALSE,FALSE
snp751,20,30,65,35,0.005012094,FALSE,FALSE
snp752,49,1,16,84,2.75E-24,TRUE,TRUE
snp753,18,32,88,12,1.09E-10,FALSE,TRUE
snp754,21,29,3,97,2.92E-09,FALSE,TRUE
snp755,17,33,16,84,0.020336117,FALSE,FALSE
snp756,3,47,23,77,0.010892591,FALSE,FALSE
snp757,43,7,60,40,0.001349063,FALSE,FALSE
snp758,17,33,1,99,1.26E-08,FALSE,TRUE
snp759,34,16,1,99,2.62E-20,TRUE,TRUE
snp760,28,22,81,19,0.001789945,FALSE,FALSE
snp761,1,49,2,98,1,FALSE,FALSE
snp762,40,10,99,1,7.15E-05,FALSE,FALSE
snp763,11,39,57,43,5.36E-05,FALSE,FALSE
snp764,40,10,1,99,8.71E-26,TRUE,TRUE
snp765,11,39,90,10,6.69E-17,TRUE,TRUE
snp766,47,3,39,61,1.35E-11,TRUE,TRUE
snp767,25,25,13,87,2.21E-06,FALSE,FALSE
snp768,8,42,94,6,1.35E-22,TRUE,TRUE
snp769,13,37,68,32,1.74E-06,FALSE,FALSE
snp770,24,26,27,73,0.016884329,FALSE,FALSE
snp771,33,17,57,43,0.376873035,FALSE,FALSE
snp772,48,2,78,22,0.004040394,FALSE,FALSE
snp773,1,49,78,22,4.91E-21,TRUE,TRUE
snp774,20,30,50,50,0.29848329,FALSE,FALSE
snp775,7,43,83,17,1.48E-16,TRUE,TRUE
snp776,15,35,73,27,6.07E-07,FALSE,FALSE
snp777,14,36,29,71,1,FALSE,FALSE
snp778,40,10,87,13,0.336372708,FALSE,FALSE
snp779,19,31,20,80,0.028867922,FALSE,FALSE
snp780,27,23,36,64,0.053001728,FALSE,FALSE
snp781,39,11,18,82,1.03E-12,TRUE,TRUE
snp782,32,18,62,38,0.859285297,FALSE,FALSE
snp783,45,5,83,17,0.330661431,FALSE,FALSE
snp784,42,8,41,59,6.16E-07,FALSE,FALSE
snp785,7,43,49,51,2.82E-05,FALSE,FALSE
snp786,1,49,18,82,0.003911985,FALSE,FALSE
snp787,44,6,61,39,0.000601007,FALSE,FALSE
snp788,24,26,34,66,0.111351314,FALSE,FALSE
snp789,35,15,60,40,0.281981558,FALSE,FALSE
snp790,36,14,39,61,0.000236306,FALSE,FALSE
snp791,4,46,98,2,2.39E-31,TRUE,TRUE
snp792,43,7,30,70,3.93E-11,TRUE,TRUE
snp793,12,38,47,53,0.007779692,FALSE,FALSE
snp794,18,32,22,78,0.079511777,FALSE,FALSE
snp795,23,27,1,99,2.81E-12,TRUE,TRUE
snp796,9,41,35,65,0.036754213,FALSE,FALSE
snp797,45,5,1,99,2.10E-31,TRUE,TRUE
snp798,37,13,37,63,2.56E-05,FALSE,FALSE
snp799,20,30,62,38,0.014647414,FALSE,FALSE
snp800,24,26,64,36,0.078579109,FALSE,FALSE
snp801,41,9,31,69,3.67E-09,FALSE,TRUE
snp802,41,9,15,85,8.92E-16,TRUE,TRUE
snp803,42,8,63,37,0.008396114,FALSE,FALSE
snp804,8,42,37,63,0.008396114,FALSE,FALSE
snp805,26,24,40,60,0.168669087,FALSE,FALSE
snp806,24,26,32,68,0.073256148,FALSE,FALSE
snp807,19,31,30,70,0.3586584,FALSE,FALSE
snp808,37,13,94,6,0.001146498,FALSE,FALSE
snp809,21,29,21,79,0.011520058,FALSE,FALSE
snp810,34,16,99,1,4.65E-08,FALSE,TRUE
snp811,33,17,10,90,2.34E-12,TRUE,TRUE
snp812,25,25,72,28,0.010983328,FALSE,FALSE
snp813,2,48,57,43,2.28E-11,TRUE,TRUE
snp814,34,16,94,6,5.07E-05,FALSE,FALSE
snp815,28,22,95,5,1.65E-08,FALSE,TRUE
snp816,24,26,42,58,0.491606647,FALSE,FALSE
snp817,30,20,97,3,1.09E-08,FALSE,TRUE
snp818,21,29,26,74,0.061615191,FALSE,FALSE
snp819,42,8,12,88,2.32E-18,TRUE,TRUE
snp820,6,44,12,88,1,FALSE,FALSE
snp821,33,17,88,12,0.002022003,FALSE,FALSE
snp822,48,2,33,67,9.43E-15,TRUE,TRUE
snp823,33,17,15,85,5.90E-10,FALSE,TRUE
snp824,35,15,18,82,5.79E-10,FALSE,TRUE
snp825,33,17,48,52,0.039334097,FALSE,FALSE
snp826,34,16,83,17,0.058475224,FALSE,FALSE
snp827,31,19,58,42,0.725226613,FALSE,FALSE
snp828,46,4,75,25,0.015121306,FALSE,FALSE
snp829,43,7,2,98,1.12E-27,TRUE,TRUE
snp830,36,14,27,73,2.01E-07,FALSE,FALSE
snp831,43,7,53,47,5.94E-05,FALSE,FALSE
snp832,35,15,10,90,9.24E-14,TRUE,TRUE
snp833,16,34,17,83,0.058475224,FALSE,FALSE
snp834,49,1,49,51,8.51E-11,FALSE,TRUE
snp835,15,35,60,40,0.000902938,FALSE,FALSE
snp836,13,37,50,50,0.005279349,FALSE,FALSE
snp837,19,31,96,4,6.46E-15,TRUE,TRUE
snp838,35,15,88,12,0.011969357,FALSE,FALSE
snp839,1,49,62,38,2.51E-14,TRUE,TRUE
snp840,29,21,24,76,6.03E-05,FALSE,FALSE
snp841,46,4,11,89,2.70E-23,TRUE,TRUE
snp842,46,4,67,33,0.000585704,FALSE,FALSE
snp843,42,8,26,74,8.73E-12,TRUE,TRUE
snp844,21,29,1,99,5.18E-11,FALSE,TRUE
snp845,45,5,19,81,1.55E-17,TRUE,TRUE
snp846,32,18,64,36,1,FALSE,FALSE
snp847,1,49,67,33,3.43E-16,TRUE,TRUE
snp848,1,49,70,30,2.01E-17,TRUE,TRUE
snp849,23,27,80,20,3.67E-05,FALSE,FALSE
snp850,18,32,68,32,0.000234188,FALSE,FALSE
snp851,23,27,26,74,0.016857023,FALSE,FALSE
snp852,35,15,29,71,3.45E-06,FALSE,FALSE
snp853,3,47,24,76,0.006496179,FALSE,FALSE
snp854,33,17,19,81,2.13E-08,FALSE,TRUE
snp855,41,9,29,71,5.47E-10,FALSE,TRUE
snp856,20,30,15,85,0.000998436,FALSE,FALSE
snp857,1,49,33,67,3.10E-06,FALSE,FALSE
snp858,46,4,11,89,2.70E-23,TRUE,TRUE
snp859,42,8,55,45,0.000505435,FALSE,FALSE
snp860,23,27,90,10,1.10E-08,FALSE,TRUE
snp861,25,25,50,50,1,FALSE,FALSE
snp862,15,35,70,30,4.21E-06,FALSE,FALSE
snp863,23,27,6,94,1.73E-08,FALSE,TRUE
snp864,16,34,33,67,1,FALSE,FALSE
snp865,36,14,75,25,0.697243721,FALSE,FALSE
snp866,4,46,15,85,0.300934706,FALSE,FALSE
snp867,48,2,76,24,0.002322134,FALSE,FALSE
snp868,17,33,34,66,1,FALSE,FALSE
snp869,3,47,59,41,5.03E-11,FALSE,TRUE
snp870,29,21,85,15,0.000470966,FALSE,FALSE
snp871,22,28,99,1,1.12E-15,TRUE,TRUE
snp872,7,43,8,92,0.260372291,FALSE,FALSE
snp873,17,33,83,17,3.86E-09,FALSE,TRUE
snp874,11,39,11,89,0.088335787,FALSE,FALSE
snp875,36,14,97,3,1.51E-05,FALSE,FALSE
snp876,47,3,83,17,0.075919504,FALSE,FALSE
snp877,44,6,32,68,3.18E-11,TRUE,TRUE
snp878,38,12,24,76,1.80E-09,FALSE,TRUE
snp879,22,28,70,30,0.002570296,FALSE,FALSE
snp880,25,25,67,33,0.051532528,FALSE,FALSE
snp881,27,23,20,80,3.67E-05,FALSE,FALSE
snp882,22,28,90,10,3.03E-09,FALSE,TRUE
snp883,19,31,21,79,0.03207368,FALSE,FALSE
snp884,9,41,1,99,0.000223004,FALSE,FALSE
snp885,31,19,60,40,0.860584377,FALSE,FALSE
snp886,24,26,87,13,8.08E-07,FALSE,FALSE
snp887,13,37,96,4,1.19E-19,TRUE,TRUE
snp888,4,46,19,81,0.09475107,FALSE,FALSE
snp889,45,5,56,44,1.64E-05,FALSE,FALSE
snp890,41,9,50,50,0.000167895,FALSE,FALSE
snp891,16,34,84,16,6.10E-10,FALSE,TRUE
snp892,8,42,74,26,8.73E-12,TRUE,TRUE
snp893,1,49,73,27,1.19E-18,TRUE,TRUE
snp894,44,6,27,73,4.65E-13,TRUE,TRUE
snp895,16,34,81,19,6.14E-09,FALSE,TRUE
snp896,4,46,86,14,2.23E-21,TRUE,TRUE
snp897,10,40,72,28,1.33E-09,FALSE,TRUE
snp898,3,47,44,56,6.30E-07,FALSE,FALSE
snp899,40,10,35,65,2.77E-07,FALSE,FALSE
snp900,27,23,13,87,3.03E-07,FALSE,FALSE
snp901,49,1,96,4,0.665174966,FALSE,FALSE
snp902,7,43,15,85,1,FALSE,FALSE
snp903,1,49,99,1,2.48E-37,TRUE,TRUE
snp904,31,19,13,87,1.53E-09,FALSE,TRUE
snp905,16,34,24,76,0.330264136,FALSE,FALSE
snp906,11,39,95,5,1.52E-20,TRUE,TRUE
snp907,22,28,99,1,1.12E-15,TRUE,TRUE
snp908,43,7,83,17,0.813862068,FALSE,FALSE
snp909,17,33,34,66,1,FALSE,FALSE
snp910,35,15,5,95,3.93E-17,TRUE,TRUE
snp911,18,32,17,83,0.013615133,FALSE,FALSE
snp912,49,1,43,57,1.16E-12,TRUE,TRUE
snp913,24,26,97,3,2.53E-12,TRUE,TRUE
snp914,46,4,62,38,8.26E-05,FALSE,FALSE
snp915,43,7,80,20,0.499537258,FALSE,FALSE
snp916,16,34,31,69,1,FALSE,FALSE
snp917,42,8,92,8,0.163299154,FALSE,FALSE
snp918,5,45,51,49,3.71E-07,FALSE,FALSE
snp919,21,29,86,14,6.22E-08,FALSE,FALSE
snp920,5,45,36,64,0.000797002,FALSE,FALSE
snp921,31,19,31,69,0.0003999,FALSE,FALSE
snp922,16,34,67,33,5.85E-05,FALSE,FALSE
snp923,24,26,33,67,0.107759101,FALSE,FALSE
snp924,12,38,69,31,2.56E-07,FALSE,FALSE
snp925,17,33,41,59,0.478169926,FALSE,FALSE
snp926,36,14,64,36,0.362870006,FALSE,FALSE
snp927,26,24,59,41,0.48529943,FALSE,FALSE
snp928,9,41,11,89,0.307953733,FALSE,FALSE
snp929,11,39,29,71,0.435413059,FALSE,FALSE
snp930,30,20,22,78,8.27E-06,FALSE,FALSE
snp931,37,13,8,92,1.54E-16,TRUE,TRUE
snp932,17,33,91,9,6.41E-13,TRUE,TRUE
snp933,32,18,34,66,0.000824364,FALSE,FALSE
snp934,23,27,84,16,2.56E-06,FALSE,FALSE
snp935,12,38,15,85,0.184118238,FALSE,FALSE
snp936,42,8,74,26,0.215680729,FALSE,FALSE
snp937,9,41,76,24,1.34E-11,TRUE,TRUE
snp938,49,1,15,85,6.84E-25,TRUE,TRUE
snp939,28,22,90,10,4.12E-06,FALSE,FALSE
snp940,26,24,93,7,1.69E-08,FALSE,TRUE
snp941,9,41,68,32,5.23E-09,FALSE,TRUE
snp942,21,29,59,41,0.057330363,FALSE,FALSE
snp943,29,21,6,94,4.44E-12,TRUE,TRUE
snp944,34,16,47,53,0.016021417,FALSE,FALSE
snp945,43,7,36,64,3.95E-09,FALSE,TRUE
snp946,12,38,99,1,7.66E-24,TRUE,TRUE
snp947,18,32,72,28,3.74E-05,FALSE,FALSE
snp948,20,30,1,99,2.13E-10,FALSE,TRUE
snp949,34,16,65,35,0.855109195,FALSE,FALSE
snp950,16,34,70,30,1.12E-05,FALSE,FALSE
snp951,41,9,47,53,4.19E-05,FALSE,FALSE
snp952,12,38,73,27,1.19E-08,FALSE,TRUE
snp953,9,41,47,53,0.000601361,FALSE,FALSE
snp954,46,4,11,89,2.70E-23,TRUE,TRUE
snp955,42,8,28,72,8.02E-11,FALSE,TRUE
snp956,41,9,96,4,0.010267834,FALSE,FALSE
snp957,10,40,26,74,0.543457792,FALSE,FALSE
snp958,33,17,1,99,1.74E-19,TRUE,TRUE
snp959,30,20,18,82,6.21E-07,FALSE,FALSE
snp960,22,28,86,14,1.79E-07,FALSE,FALSE
snp961,1,49,87,13,3.64E-26,TRUE,TRUE
snp962,7,43,60,40,4.38E-08,FALSE,TRUE
snp963,3,47,28,72,0.001241053,FALSE,FALSE
snp964,10,40,24,76,0.681079202,FALSE,FALSE
snp965,9,41,49,51,0.000318762,FALSE,FALSE
snp966,5,45,35,65,0.000855164,FALSE,FALSE
snp967,37,13,33,67,2.26E-06,FALSE,FALSE
snp968,3,47,93,7,1.26E-27,TRUE,TRUE
snp969,19,31,42,58,0.725226613,FALSE,FALSE
snp970,15,35,84,16,8.57E-11,FALSE,TRUE
snp971,16,34,20,80,0.11045727,FALSE,FALSE
snp972,29,21,83,17,0.001371498,FALSE,FALSE
snp973,23,27,20,80,0.001914096,FALSE,FALSE
snp974,12,38,6,94,0.002583426,FALSE,FALSE
snp975,16,34,42,58,0.287001545,FALSE,FALSE
snp976,33,17,34,66,0.000248961,FALSE,FALSE
snp977,30,20,29,71,0.00035985,FALSE,FALSE
snp978,13,37,20,80,0.410484564,FALSE,FALSE
snp979,32,18,57,43,0.481889425,FALSE,FALSE
snp980,15,35,37,63,0.468158241,FALSE,FALSE
snp981,25,25,21,79,0.000604248,FALSE,FALSE
snp982,14,36,11,89,0.011142974,FALSE,FALSE
snp983,8,42,2,98,0.00249528,FALSE,FALSE
snp984,6,44,56,44,1.66E-07,FALSE,FALSE
snp985,6,44,44,56,8.70E-05,FALSE,FALSE
snp986,26,24,71,29,0.029438037,FALSE,FALSE
snp987,21,29,79,21,1.57E-05,FALSE,FALSE
snp988,36,14,1,99,5.06E-22,TRUE,TRUE
snp989,34,16,7,93,6.90E-15,TRUE,TRUE
snp990,32,18,5,95,7.52E-15,TRUE,TRUE
snp991,32,18,55,45,0.380424895,FALSE,FALSE
snp992,26,24,72,28,0.018500961,FALSE,FALSE
snp993,41,9,69,31,0.117201861,FALSE,FALSE
snp994,47,3,86,14,0.17927635,FALSE,FALSE
snp995,31,19,34,66,0.001568229,FALSE,FALSE
snp996,20,30,17,83,0.004386052,FALSE,FALSE
snp997,21,29,27,73,0.093984768,FALSE,FALSE
snp998,47,3,96,4,0.686419037,FALSE,FALSE
snp999,15,35,98,2,6.04E-20,TRUE,TRUE